"Qty";"Value";"Device";"Package";"Parts";"Description";"POPULARITY";"SPICEPREFIX";
"1";"";"PINHD-1X1";"1X01";"JP6";"PIN HEADER";"64";"";
"1";"";"PINHD-1X2";"1X02";"JP1";"PIN HEADER";"98";"";
"1";"100uF 35V RVE100UF35V67RV0072";"CPOL-EU153CLV-0605";"153CLV-0605";"C3";"POLARIZED CAPACITOR, European symbol";"5";"C";
"3";"10uF 100V RVT2A100M0607";"CPOL-EU153CLV-0605";"153CLV-0605";"C2, C4, C5";"POLARIZED CAPACITOR, European symbol";"5";"C";
"1";"10uH 900mA CBC3225T100KR";"R-EU_R1210";"R1210";"L1";"RESISTOR, European symbol";"0";"R";
"1";"1uF 100V HT2A1R0M0405";"CPOL-EU153CLV-0405";"153CLV-0405";"C1";"POLARIZED CAPACITOR, European symbol";"0";"C";
"3";"470";"R-EU_R0805";"R0805";"R1, R2, R3";"RESISTOR, European symbol";"86";"R";
"1";"B0505S-1WR3";"B0505S-1WR3";"B0505S-1WR3";"U$2";"";"";"";
"1";"BEC1";"PINHD-1X3";"1X03";"JP3";"PIN HEADER";"92";"";
"1";"BEC_0";"PINHD-1X3";"1X03";"JP2";"PIN HEADER";"92";"";
"1";"URB4805S-3WR3";"URB4805S-3WR3";"URB4805S-3WR3";"U$3";"";"";"";
"1";"WJ126V-5.0-2P";"WJ126V-5.0-2P";"WJ126V-5.0-2P";"U$1";"";"";"";
