"Qty";"Value";"Device";"Package";"Parts";"Description";"ARROW_PART_NUMBER";"ARROW_PRICE-STOCK";"AVAILABILITY";"DESCRIPTION";"HEIGHT";"MANUFACTURER_NAME";"MANUFACTURER_PART_NUMBER";"MF";"MOUSER_PART_NUMBER";"MOUSER_PRICE-STOCK";"MOUSER_TESTING_PART_NUMBER";"MOUSER_TESTING_PRICE-STOCK";"MP";"PACKAGE";"POPULARITY";"PRICE";"SPICEPREFIX";
"9";"";"PINHD-1X1";"1X01";"JP6, JP8, JP11, JP12, JP13, JP14, JP15, JP16, JP18";"PIN HEADER";"";"";"";"";"";"";"";"";"";"";"";"";"";"";"64";"";"";
"1";"";"PINHD-1X4";"1X04";"JP17";"PIN HEADER";"";"";"";"";"";"";"";"";"";"";"";"";"";"";"91";"";"";
"1";"0R";"R-EU_R0402";"R0402";"R_ANT";"RESISTOR, European symbol";"";"";"";"";"";"";"";"";"";"";"";"";"";"";"0";"";"R";
"2";"100";"R-EU_R0603";"R0603";"R7, R8";"RESISTOR, European symbol";"";"";"";"";"";"";"";"";"";"";"";"";"";"";"70";"";"R";
"10";"100n";"C-EUC0603";"C0603";"C1, C2, C3, C4, C7, C8, C9, C10, C13, C16";"CAPACITOR, European symbol";"";"";"";"";"";"";"";"";"";"";"";"";"";"";"73";"";"C";
"15";"10k";"R-EU_R0603";"R0603";"R4, R10, R11, R15, R20, R24, R28, R30, R31, R32, R33, R34, R35, R36, R37";"RESISTOR, European symbol";"";"";"";"";"";"";"";"";"";"";"";"";"";"";"70";"";"R";
"1";"120k";"R-EU_R0603";"R0603";"R1";"RESISTOR, European symbol";"";"";"";"";"";"";"";"";"";"";"";"";"";"";"70";"";"R";
"1";"1M";"R-EU_R0603";"R0603";"R22";"RESISTOR, European symbol";"";"";"";"";"";"";"";"";"";"";"";"";"";"";"70";"";"R";
"2";"1N4148WS";"1N4148WS";"SODFL2512X90N";"D2, D5";"ON Semiconductor Switching Diode, 300mA 75V, 2-Pin SOD-323 1N4148WS";"1N4148WS";"https://www.arrow.com/en/products/1n4148ws/on-semiconductor?region=nac";"";"ON Semiconductor Switching Diode, 300mA 75V, 2-Pin SOD-323 1N4148WS";"0.9mm";"onsemi";"1N4148WS";"";"512-1N4148WS";"https://www.mouser.co.uk/ProductDetail/ON-Semiconductor-Fairchild/1N4148WS?qs=2%2FYqgE%252BHg%252BKBrKZlAsMLhw%3D%3D";"";"";"";"";"";"";"";
"7";"1k";"R-EU_R0603";"R0603";"R9, R14, R38, R39, R40, R41, R42";"RESISTOR, European symbol";"";"";"";"";"";"";"";"";"";"";"";"";"";"";"70";"";"R";
"3";"1u";"C-EUC0603";"C0603";"C5, C6, C12";"CAPACITOR, European symbol";"";"";"";"";"";"";"";"";"";"";"";"";"";"";"73";"";"C";
"1";"2.2uF";"C-EUC0603";"C0603";"C11";"CAPACITOR, European symbol";"";"";"";"";"";"";"";"";"";"";"";"";"";"";"73";"";"C";
"2";"220";"R-EU_R0603";"R0603";"R25, R26";"RESISTOR, European symbol";"";"";"";"";"";"";"";"";"";"";"";"";"";"";"70";"";"R";
"1";"3k3";"R-EU_R0603";"R0603";"R12";"RESISTOR, European symbol";"";"";"";"";"";"";"";"";"";"";"";"";"";"";"70";"";"R";
"4";"4k7";"R-EU_R0603";"R0603";"R13, R16, R17, R18";"RESISTOR, European symbol";"";"";"";"";"";"";"";"";"";"";"";"";"";"";"70";"";"R";
"2";"5k1";"R-EU_R0603";"R0603";"R5, R6";"RESISTOR, European symbol";"";"";"";"";"";"";"";"";"";"";"";"";"";"";"70";"";"R";
"1";"6.8nH";"R-EU_R0402";"R0402";"L_ANT1";"RESISTOR, European symbol";"";"";"";"";"";"";"";"";"";"";"";"";"";"";"0";"";"R";
"1";"74HC4052PW,118";"74HC4052PW,118";"SOP65P640X110-16N";"IC6";"74HC(T)4052 - Dual 4-channel analog multiplexer/demultiplexer@en-us";"74HC4052PW,118";"https://www.arrow.com/en/products/74hc4052pw118/nexperia?utm_currency=USD&region=nac";"";"74HC(T)4052 - Dual 4-channel analog multiplexer/demultiplexer@en-us";"1.1mm";"Nexperia";"74HC4052PW,118";"";"771-74HC4052PW-T";"https://www.mouser.co.uk/ProductDetail/Nexperia/74HC4052PW118?qs=P62ublwmbi%2Fhh72g3HnbZg%3D%3D";"";"";"";"";"";"";"";
"1";"AMS1117-3.3";"AMS1117-3.3";"SOT229P700X180-4N";"IC2";"1A LOW DROPOUT VOLTAGE REGULATOR, SOT-223";"";"";"";"1A LOW DROPOUT VOLTAGE REGULATOR, SOT-223";"1.8mm";"Advanced Monolithic Systems";"AMS1117-3.3";"";"";"";"";"";"";"";"";"";"";
"2";"AO3400A";"AO3400A";"SOT95P280X125-3N";"Q3, Q4";"30V N-Channel MOSFET";"AO3400A";"https://www.arrow.com/en/products/ao3400a/alpha-and-omega-semiconductor?region=nac";"";"30V N-Channel MOSFET";"1.25mm";"Alpha & Omega Semiconductors";"AO3400A";"";"";"";"";"";"";"";"";"";"";
"1";"AW9523BTQR";"AW9523BTQR";"QFN50P400X400X80-25N";"IC1";"16 MULTI-FUNCTION LED DRIVER AND GPIO CONTROLLER WITH I2C INTERFACE";"";"";"";"16 MULTI-FUNCTION LED DRIVER AND GPIO CONTROLLER WITH I2C INTERFACE";"0.8mm";"AWINIC";"AW9523BTQR";"";"";"";"";"";"";"";"";"";"";
"1";"BEC1";"PINHD-1X3";"1X03";"JP3";"PIN HEADER";"";"";"";"";"";"";"";"";"";"";"";"";"";"";"92";"";"";
"1";"BEC_0";"PINHD-1X3";"1X03";"JP2";"PIN HEADER";"";"";"";"";"";"";"";"";"";"";"";"";"";"";"92";"";"";
"5";"BSS138";"BSS138";"SOT23";"Q1, Q2, Q5, Q6, Q7";"N-Channel Enhancement MOSFET 200V; 0,16A; 11Ohm";"";"";"";"";"";"";"";"";"";"";"";"";"";"";"";"";"";
"1";"CH340K";"CH340K";"SOP100P600X180-11N";"AC1";"CH340 USB2Serial";"";"";"";"CH340 USB2Serial";"1.8mm";"WCH";"CH340K";"";"";"";"";"";"";"";"";"";"";
"3";"EL3H7_TA_-VG";"EL3H7_TA_-VG";"SOIC127P700X200-4N";"IC3, IC4, IC5";"Transistor Output Optocouplers 50-600CTR 3750Vrms -55 to +110 Op Temp";"EL3H7(TA)-VG";"https://www.arrow.com/en/products/el3h7-ta-vg/everlight-electronics?region=nac";"";"Transistor Output Optocouplers 50-600CTR 3750Vrms -55 to +110 Op Temp";"2mm";"Everlight";"EL3H7(TA)-VG";"";"638-EL3H7TAVG";"https://www.mouser.co.uk/ProductDetail/Everlight/EL3H7TA-VG?qs=8PzhAHr7IdOgYIKe3kw%2F8Q%3D%3D";"";"";"";"";"";"";"";
"1";"ESC1";"PINHD-1X3";"1X03";"JP4";"PIN HEADER";"";"";"";"";"";"";"";"";"";"";"";"";"";"";"92";"";"";
"1";"ESC_0";"PINHD-1X3";"1X03";"JP1";"PIN HEADER";"";"";"";"";"";"";"";"";"";"";"";"";"";"";"92";"";"";
"1";"HT-CT62";"HT-CT62";"HT-CT62";"U$5";"";"";"";"";"";"";"";"";"";"";"";"";"";"";"";"";"";"";
"3";"LM66100DCKR";"LM66100DCKR";"SOP65P210X110-6N";"D6, D7, D8";"+/-6-V, Low IQ ideal diode with input polarity protection";"LM66100DCKR";"https://www.arrow.com/en/products/lm66100dckr/texas-instruments?region=nac";"";"+/-6-V, Low IQ ideal diode with input polarity protection";"1.1mm";"Texas Instruments";"LM66100DCKR";"";"595-LM66100DCKR";"https://www.mouser.co.uk/ProductDetail/Texas-Instruments/LM66100DCKR?qs=vLWxofP3U2y2yPPrXoBBoA%3D%3D";"";"";"";"";"";"";"";
"1";"MMBT5551";"BC847B-NPN-SOT23-BEC";"SOT23-BEC";"T1";"NPN Transistror";"";"";"";"";"";"";"";"";"";"";"";"";"";"";"0";"";"";
"2";"NCD0805R1";"LEDCHIP-LED0805";"CHIP-LED0805";"LED2, LED3";"LED";"";"";"";"";"";"";"";"";"";"";"";"";"";"";"68";"";"";
"1";"NETTIE_0.6MM";"NETTIE_0.6MM";"0.6MM";"U$7";"";"";"";"";"";"";"";"";"";"";"";"";"";"";"";"";"";"";
"3";"P6SMB6.8CA";"P6SMB6.8CA";"DIONM5436X261N";"D1, D3, D4";"Littelfuse P6SMB6.8CA, Bi-Directional TVS Diode, 600W, 2-Pin DO-214AA";"P6SMB6.8CA";"https://www.arrow.com/en/products/p6smb6.8ca/littelfuse?region=nac";"";"Littelfuse P6SMB6.8CA, Bi-Directional TVS Diode, 600W, 2-Pin DO-214AA";"2.61mm";"LITTELFUSE";"P6SMB6.8CA";"";"576-P6SMB6.8CA";"https://www.mouser.co.uk/ProductDetail/Littelfuse/P6SMB6.8CA?qs=3K5NeMAIBDkbaiJnSI65Ag%3D%3D";"";"";"";"";"";"";"";
"1";"RFANT3216120A5T";"R-EU_R1206";"R1206";"R2";"RESISTOR, European symbol";"";"";"";"";"";"";"";"";"";"";"";"";"";"";"41";"";"R";
"1";"SEL_U1-0";"PINHD-1X3";"1X03";"JP7";"PIN HEADER";"";"";"";"";"";"";"";"";"";"";"";"";"";"";"92";"";"";
"1";"SEL_U1-1";"PINHD-1X3";"1X03";"JP10";"PIN HEADER";"";"";"";"";"";"";"";"";"";"";"";"";"";"";"92";"";"";
"1";"SMA_5.08_1.4";"SMA_5.08_1.4";"SMA_5.08_1.4";"U$1";"";"";"";"";"";"";"";"";"";"";"";"";"";"";"";"";"";"";
"2";"TS-1187A-B-A-B";"TS-1187A-B-A-B";"TS1187ABAB";"S1, S2";"tact switch 4x4X1.5 patch 160GF metal head waterproof";"";"";"";"tact switch 4x4X1.5 patch 160GF metal head waterproof";"4.05mm";"XKB Connectivity";"TS-1187A-B-A-B";"";"";"";"";"";"";"";"";"";"";
"1";"TYPE-C-31-M-12";"TYPE-C-31-M-12";"HRO_TYPE-C-31-M-12";"J1";"Check availability";"";"";"Not in stock";" USB Connectors 24 Receptacle 1 8.94*7.3mm RoHS ";"";"";"";"HRO Electronics Co., Ltd.";"";"";"";"";"TYPE-C-31-M-12";"Package ";"";"None";"";
"1";"U1-0";"PINHD-1X4";"1X04";"JP5";"PIN HEADER";"";"";"";"";"";"";"";"";"";"";"";"";"";"";"91";"";"";
"1";"U1-1";"PINHD-1X4";"1X04";"JP9";"PIN HEADER";"";"";"";"";"";"";"";"";"";"";"";"";"";"";"91";"";"";
